{
    "bankAccounts": [
        {
            "bankId": "1",
            "bankName": "Google checkout",
            "bankAddress": "prabha devi33",
            "bankLogo": "bank-c1-1369478631-newindia.png",
            "bankProcessor": "1"
        },
        {
            "bankId": "139",
            "bankName": "vijay test bank",
            "bankAddress": "15 dadar, wfasgas",
            "bankLogo": "bank-c1-1369476080-Untitled1.png",
            "bankProcessor": "1"
        },
        {
            "bankId": "140",
            "bankName": "Abu Dhabi Commercial Bank 1test dimitar testtest",
            "bankAddress": "test address #123",
            "bankLogo": "bank-c1-1369476461-index.jpg",
            "bankProcessor": "2"
        },
        {
            "bankId": "141",
            "bankName": "Ahmedabad Mercantile Co op Bank dimitar test",
            "bankAddress": "testing address",
            "bankLogo": "bank-c1-1369476553-icicibank.png",
            "bankProcessor": "1"
        },
        {
            "bankId": "142",
            "bankName": "Abhyudaya Bank test 15 april",
            "bankAddress": "123111111111111111",
            "bankLogo": "bank-c1-1369475866-icicibank.png",
            "bankProcessor": "1"
        },
        {
            "bankId": "143",
            "bankName": "American Express Bank Ltd dimitar test2",
            "bankAddress": "test9 may",
            "bankLogo": "icicibank.png",
            "bankProcessor": "1"
        },
        {
            "bankId": "144",
            "bankName": "Andhra Bank",
            "bankAddress": "Bombay ",
            "bankLogo": "icicibank.png",
            "bankProcessor": "2"
        },
        {
            "bankId": "145",
            "bankName": "AXIS Bank",
            "bankAddress": "Worli sea link, Mumbai",
            "bankLogo": "bank-c1-1369973430-no.png",
            "bankProcessor": "1"
        },
        {
            "bankId": "146",
            "bankName": "Bank Of America",
            "bankAddress": "Ny street CA",
            "bankLogo": "icicibank.png",
            "bankProcessor": "2"
        },
        {
            "bankId": "147",
            "bankName": "Bank Of Bahrain and Kuwait",
            "bankAddress": "",
            "bankLogo": "icicibank.png",
            "bankProcessor": "0"
        },
        {
            "bankId": "148",
            "bankName": "Bank of Baroda",
            "bankAddress": "",
            "bankLogo": "icicibank.png",
            "bankProcessor": "0"
        },
        {
            "bankId": "149",
            "bankName": "Bank of Ceylon",
            "bankAddress": "",
            "bankLogo": "icicibank.png",
            "bankProcessor": "0"
        },
        {
            "bankId": "150",
            "bankName": "Bank Of India",
            "bankAddress": "",
            "bankLogo": "icicibank.png",
            "bankProcessor": "0"
        },
        {
            "bankId": "151",
            "bankName": "Bank Of Maharastra",
            "bankAddress": "",
            "bankLogo": "icicibank.png",
            "bankProcessor": "0"
        },
        {
            "bankId": "152",
            "bankName": "Bank of Nova Scotia",
            "bankAddress": "",
            "bankLogo": "icicibank.png",
            "bankProcessor": "0"
        },
        {
            "bankId": "153",
            "bankName": "Barclays Bank Plc",
            "bankAddress": "",
            "bankLogo": "icicibank.png",
            "bankProcessor": "0"
        },
        {
            "bankId": "154",
            "bankName": "BNP Paribas",
            "bankAddress": "",
            "bankLogo": "icicibank.png",
            "bankProcessor": "0"
        },
        {
            "bankId": "155",
            "bankName": "Calyon Bank",
            "bankAddress": "",
            "bankLogo": "icicibank.png",
            "bankProcessor": "0"
        },
        {
            "bankId": "156",
            "bankName": "Canara Bank",
            "bankAddress": "asd",
            "bankLogo": "icicibank.png",
            "bankProcessor": "1"
        },
        {
            "bankId": "157",
            "bankName": "Catholic Syrian Bank Ltd",
            "bankAddress": "",
            "bankLogo": "icicibank.png",
            "bankProcessor": "0"
        },
        {
            "bankId": "158",
            "bankName": "Central Bank Of India",
            "bankAddress": "",
            "bankLogo": "icicibank.png",
            "bankProcessor": "0"
        },
        {
            "bankId": "159",
            "bankName": "Centurian Bank Of Punjab",
            "bankAddress": "",
            "bankLogo": "icicibank.png",
            "bankProcessor": "0"
        },
        {
            "bankId": "160",
            "bankName": "Chinatrust Commercial Bank",
            "bankAddress": "",
            "bankLogo": "icicibank.png",
            "bankProcessor": "0"
        },
        {
            "bankId": "161",
            "bankName": "Citi Bank N.A",
            "bankAddress": "",
            "bankLogo": "icicibank.png",
            "bankProcessor": "0"
        },
        {
            "bankId": "162",
            "bankName": "Citizen Credit Co op Bank Ltd",
            "bankAddress": "",
            "bankLogo": "icicibank.png",
            "bankProcessor": "0"
        },
        {
            "bankId": "163",
            "bankName": "City Union Bank Ltd",
            "bankAddress": "",
            "bankLogo": "icicibank.png",
            "bankProcessor": "0"
        },
        {
            "bankId": "164",
            "bankName": "CORPORATION BANK",
            "bankAddress": "",
            "bankLogo": "icicibank.png",
            "bankProcessor": "0"
        },
        {
            "bankId": "165",
            "bankName": "Cosmos Co Operative Bank",
            "bankAddress": "",
            "bankLogo": "icicibank.png",
            "bankProcessor": "0"
        },
        {
            "bankId": "166",
            "bankName": "DBS Bank Ltd",
            "bankAddress": "test address #129 apt 3 15 april",
            "bankLogo": "icicibank.png",
            "bankProcessor": "1"
        },
        {
            "bankId": "167",
            "bankName": "Dena Bank",
            "bankAddress": "",
            "bankLogo": "icicibank.png",
            "bankProcessor": "0"
        },
        {
            "bankId": "168",
            "bankName": "Deutsche Bank",
            "bankAddress": "",
            "bankLogo": "icicibank.png",
            "bankProcessor": "0"
        },
        {
            "bankId": "169",
            "bankName": "DEVELOPMENT CREDIT BANK LIMITED",
            "bankAddress": "jkhkjh",
            "bankLogo": "icicibank.png",
            "bankProcessor": "1"
        },
        {
            "bankId": "170",
            "bankName": "DICGC",
            "bankAddress": "",
            "bankLogo": "icicibank.png",
            "bankProcessor": "0"
        },
        {
            "bankId": "171",
            "bankName": "Dombivli Nagari Sahakari Bank Ltd",
            "bankAddress": "",
            "bankLogo": "icicibank.png",
            "bankProcessor": "0"
        },
        {
            "bankId": "172",
            "bankName": "Federal Bank",
            "bankAddress": "",
            "bankLogo": "icicibank.png",
            "bankProcessor": "0"
        },
        {
            "bankId": "173",
            "bankName": "HDFC Bank",
            "bankAddress": "",
            "bankLogo": "icicibank.png",
            "bankProcessor": "0"
        },
        {
            "bankId": "174",
            "bankName": "HSBC Bank",
            "bankAddress": "asd",
            "bankLogo": "bank-c1-1369993219-deposit3.png",
            "bankProcessor": "2"
        },
        {
            "bankId": "175",
            "bankName": "ICICI Bank",
            "bankAddress": "",
            "bankLogo": "icicibank.png",
            "bankProcessor": "0"
        },
        {
            "bankId": "176",
            "bankName": "IDBI Bank",
            "bankAddress": "",
            "bankLogo": "icicibank.png",
            "bankProcessor": "0"
        },
        {
            "bankId": "177",
            "bankName": "Indian Bank",
            "bankAddress": "",
            "bankLogo": "icicibank.png",
            "bankProcessor": "0"
        },
        {
            "bankId": "178",
            "bankName": "Indian Overseas Bank",
            "bankAddress": "",
            "bankLogo": "icicibank.png",
            "bankProcessor": "0"
        },
        {
            "bankId": "179",
            "bankName": "Indusind Bank Ltd",
            "bankAddress": "",
            "bankLogo": "icicibank.png",
            "bankProcessor": "0"
        },
        {
            "bankId": "180",
            "bankName": "ING VYSYA",
            "bankAddress": "",
            "bankLogo": "icicibank.png",
            "bankProcessor": "0"
        },
        {
            "bankId": "181",
            "bankName": "Janakalyan Sahakari Bank Ltd",
            "bankAddress": "",
            "bankLogo": "icicibank.png",
            "bankProcessor": "0"
        },
        {
            "bankId": "182",
            "bankName": "JPMORGAN CHASE BANK N.A",
            "bankAddress": "",
            "bankLogo": "icicibank.png",
            "bankProcessor": "0"
        },
        {
            "bankId": "183",
            "bankName": "Kapole Co Op Bank",
            "bankAddress": "",
            "bankLogo": "icicibank.png",
            "bankProcessor": "0"
        },
        {
            "bankId": "184",
            "bankName": "Karnataka Bank",
            "bankAddress": "",
            "bankLogo": "icicibank.png",
            "bankProcessor": "0"
        },
        {
            "bankId": "185",
            "bankName": "Karur Vysya Bank",
            "bankAddress": "",
            "bankLogo": "icicibank.png",
            "bankProcessor": "0"
        },
        {
            "bankId": "186",
            "bankName": "Kotak Mahindra Bank",
            "bankAddress": "",
            "bankLogo": "icicibank.png",
            "bankProcessor": "0"
        },
        {
            "bankId": "187",
            "bankName": "Lakshmi Vilas Bank Ltd",
            "bankAddress": "Lakshmi Vilas Bank Ltd",
            "bankLogo": "icicibank.png",
            "bankProcessor": "1"
        },
        {
            "bankId": "188",
            "bankName": "LATEEF KHAN ESTATE.FATEH MAIDAN CLUB RD",
            "bankAddress": "",
            "bankLogo": "icicibank.png",
            "bankProcessor": "0"
        },
        {
            "bankId": "189",
            "bankName": "Maharashtra State Co op. Bank Ltd",
            "bankAddress": "",
            "bankLogo": "icicibank.png",
            "bankProcessor": "0"
        },
        {
            "bankId": "190",
            "bankName": "Mashreq Bank PSC",
            "bankAddress": "",
            "bankLogo": "icicibank.png",
            "bankProcessor": "0"
        },
        {
            "bankId": "191",
            "bankName": "Mizuho Corporate Bank",
            "bankAddress": "",
            "bankLogo": "icicibank.png",
            "bankProcessor": "0"
        },
        {
            "bankId": "192",
            "bankName": "Nainital Bank",
            "bankAddress": "",
            "bankLogo": "icicibank.png",
            "bankProcessor": "0"
        },
        {
            "bankId": "193",
            "bankName": "New India Co op Bank Ltd",
            "bankAddress": "",
            "bankLogo": "icicibank.png",
            "bankProcessor": "0"
        },
        {
            "bankId": "194",
            "bankName": "NKGSB Co op Bank Ltd",
            "bankAddress": "",
            "bankLogo": "icicibank.png",
            "bankProcessor": "0"
        },
        {
            "bankId": "195",
            "bankName": "Nutan Nagarik Sahakari Bank Ltd",
            "bankAddress": "",
            "bankLogo": "icicibank.png",
            "bankProcessor": "0"
        },
        {
            "bankId": "196",
            "bankName": "Oman International Bank",
            "bankAddress": "",
            "bankLogo": "icicibank.png",
            "bankProcessor": "0"
        },
        {
            "bankId": "197",
            "bankName": "Oriental Bank Of Commerce",
            "bankAddress": "",
            "bankLogo": "icicibank.png",
            "bankProcessor": "0"
        },
        {
            "bankId": "198",
            "bankName": "PARSIK JANATA SAHAKARI BANK LTD",
            "bankAddress": "",
            "bankLogo": "icicibank.png",
            "bankProcessor": "0"
        },
        {
            "bankId": "199",
            "bankName": "Punjab & Maharashtra Co op Bank Ltd",
            "bankAddress": "",
            "bankLogo": "icicibank.png",
            "bankProcessor": "0"
        },
        {
            "bankId": "200",
            "bankName": "Punjab and Sind Bank",
            "bankAddress": "",
            "bankLogo": "icicibank.png",
            "bankProcessor": "0"
        },
        {
            "bankId": "201",
            "bankName": "Punjab National Bank",
            "bankAddress": "",
            "bankLogo": "icicibank.png",
            "bankProcessor": "0"
        },
        {
            "bankId": "202",
            "bankName": "Reserve Bank Of India",
            "bankAddress": "",
            "bankLogo": "icicibank.png",
            "bankProcessor": "0"
        },
        {
            "bankId": "203",
            "bankName": "Shinhan Bank",
            "bankAddress": "",
            "bankLogo": "icicibank.png",
            "bankProcessor": "0"
        },
        {
            "bankId": "204",
            "bankName": "Societe Generale",
            "bankAddress": "",
            "bankLogo": "icicibank.png",
            "bankProcessor": "0"
        },
        {
            "bankId": "205",
            "bankName": "South Indian Bank",
            "bankAddress": "",
            "bankLogo": "icicibank.png",
            "bankProcessor": "0"
        },
        {
            "bankId": "206",
            "bankName": "Standard Chartered Bank",
            "bankAddress": "",
            "bankLogo": "icicibank.png",
            "bankProcessor": "0"
        },
        {
            "bankId": "207",
            "bankName": "State Bank Of Bikaner And Jaipur",
            "bankAddress": "",
            "bankLogo": "icicibank.png",
            "bankProcessor": "0"
        },
        {
            "bankId": "208",
            "bankName": "State Bank Of Hyderabad",
            "bankAddress": "",
            "bankLogo": "icicibank.png",
            "bankProcessor": "0"
        },
        {
            "bankId": "209",
            "bankName": "State Bank Of India",
            "bankAddress": "",
            "bankLogo": "icicibank.png",
            "bankProcessor": "0"
        },
        {
            "bankId": "210",
            "bankName": "State Bank Of Indore",
            "bankAddress": "",
            "bankLogo": "icicibank.png",
            "bankProcessor": "0"
        },
        {
            "bankId": "211",
            "bankName": "State Bank of Mauritius Ltd",
            "bankAddress": "",
            "bankLogo": "icicibank.png",
            "bankProcessor": "0"
        },
        {
            "bankId": "212",
            "bankName": "State Bank Of Mysore",
            "bankAddress": "",
            "bankLogo": "icicibank.png",
            "bankProcessor": "0"
        },
        {
            "bankId": "213",
            "bankName": "State Bank Of Patiala",
            "bankAddress": "",
            "bankLogo": "icicibank.png",
            "bankProcessor": "0"
        },
        {
            "bankId": "214",
            "bankName": "State Bank Of Saurashtra",
            "bankAddress": "",
            "bankLogo": "icicibank.png",
            "bankProcessor": "0"
        },
        {
            "bankId": "215",
            "bankName": "State Bank Of Travancore",
            "bankAddress": "",
            "bankLogo": "icicibank.png",
            "bankProcessor": "0"
        },
        {
            "bankId": "216",
            "bankName": "Syndicate Bank",
            "bankAddress": "",
            "bankLogo": "icicibank.png",
            "bankProcessor": "0"
        },
        {
            "bankId": "217",
            "bankName": "Tamilnadu Mercantile Bank Ltd",
            "bankAddress": "",
            "bankLogo": "icicibank.png",
            "bankProcessor": "0"
        },
        {
            "bankId": "218",
            "bankName": "The Bank Of Rajasthan Ltd",
            "bankAddress": "",
            "bankLogo": "icicibank.png",
            "bankProcessor": "0"
        },
        {
            "bankId": "219",
            "bankName": "The Bank of Tokyo Mitsubishi UFJ",
            "bankAddress": "",
            "bankLogo": "icicibank.png",
            "bankProcessor": "0"
        },
        {
            "bankId": "220",
            "bankName": "The Bharat Co op Bank Ltd",
            "bankAddress": "",
            "bankLogo": "icicibank.png",
            "bankProcessor": "0"
        },
        {
            "bankId": "221",
            "bankName": "The Dhanalakshmi Bank Ltd",
            "bankAddress": "",
            "bankLogo": "icicibank.png",
            "bankProcessor": "0"
        },
        {
            "bankId": "222",
            "bankName": "The Greater Bombay Co op. Bank Ltd",
            "bankAddress": "",
            "bankLogo": "icicibank.png",
            "bankProcessor": "0"
        },
        {
            "bankId": "223",
            "bankName": "The Jammu & Kashmir Bank Ltd",
            "bankAddress": "",
            "bankLogo": "icicibank.png",
            "bankProcessor": "0"
        },
        {
            "bankId": "224",
            "bankName": "THE KALUPUR COMMERCIAL CO OPERATIVE BANK",
            "bankAddress": "",
            "bankLogo": "icicibank.png",
            "bankProcessor": "0"
        },
        {
            "bankId": "225",
            "bankName": "The Kalyan Janata Sahakari Bank Ltd",
            "bankAddress": "",
            "bankLogo": "icicibank.png",
            "bankProcessor": "0"
        },
        {
            "bankId": "226",
            "bankName": "The Karnataka State Co Operative Apex Bank",
            "bankAddress": "",
            "bankLogo": "icicibank.png",
            "bankProcessor": "0"
        },
        {
            "bankId": "227",
            "bankName": "THE Lakshmi Vilas Bank Ltd",
            "bankAddress": "",
            "bankLogo": "icicibank.png",
            "bankProcessor": "0"
        },
        {
            "bankId": "228",
            "bankName": "THE MAHANAGAR CO OP BANK LTD",
            "bankAddress": "",
            "bankLogo": "icicibank.png",
            "bankProcessor": "0"
        },
        {
            "bankId": "229",
            "bankName": "The Ratnakar Bank Ltd",
            "bankAddress": "",
            "bankLogo": "icicibank.png",
            "bankProcessor": "0"
        },
        {
            "bankId": "230",
            "bankName": "The Royal Bank of Scotland N.V",
            "bankAddress": "",
            "bankLogo": "icicibank.png",
            "bankProcessor": "0"
        },
        {
            "bankId": "231",
            "bankName": "The Saraswat Co op Bank Ltd",
            "bankAddress": "",
            "bankLogo": "icicibank.png",
            "bankProcessor": "0"
        },
        {
            "bankId": "232",
            "bankName": "The Shamrao Vithal Co operative Bank Limited",
            "bankAddress": "",
            "bankLogo": "icicibank.png",
            "bankProcessor": "0"
        },
        {
            "bankId": "233",
            "bankName": "The Tamil Nadu State Apex Co Operative Bank",
            "bankAddress": "",
            "bankLogo": "icicibank.png",
            "bankProcessor": "0"
        },
        {
            "bankId": "234",
            "bankName": "The Thane Janata Sahakari Bank Ltd",
            "bankAddress": "",
            "bankLogo": "icicibank.png",
            "bankProcessor": "0"
        },
        {
            "bankId": "235",
            "bankName": "UCO Bank",
            "bankAddress": "",
            "bankLogo": "icicibank.png",
            "bankProcessor": "0"
        },
        {
            "bankId": "236",
            "bankName": "Union Bank Of India",
            "bankAddress": "",
            "bankLogo": "icicibank.png",
            "bankProcessor": "0"
        },
        {
            "bankId": "237",
            "bankName": "United Bank Of India",
            "bankAddress": "",
            "bankLogo": "icicibank.png",
            "bankProcessor": "0"
        }
    ]
}